<?xml version="1.0" encoding="UTF-8"?>
<jndiJdbcDataSource exportedWithPermissions="true">
    <folder>/public/monitoring/datasources</folder>
    <name>ReportMonitoringDataSource</name>
    <version>0</version>
    <label>Report Monitoring Data Source</label>
    <description>Report Monitoring Data Source</description>
    <creationDate>2016-06-21T16:41:42.000-07:00</creationDate>
    <updateDate>2016-06-21T16:41:42.000-07:00</updateDate>
    <jndiName>jdbc/jasperserver</jndiName>
</jndiJdbcDataSource>
