<?xml version="1.0" encoding="UTF-8"?>
<fileResource exportedWithPermissions="true" dataFile="SugarCRMSchemaUpper.data">
    <folder>/organizations/organization_1/analysis/schemas</folder>
    <name>SugarCRMSchemaUpper</name>
    <version>0</version>
    <label>SugarCRM Schema Uppercase</label>
    <description>SugarCRM Analysis Schema Upper Case</description>
    <creationDate>2016-06-21T16:29:20.518-07:00</creationDate>
    <updateDate>2016-06-21T16:29:20.518-07:00</updateDate>
    <fileType>olapMondrianSchema</fileType>
</fileResource>
