<?xml version="1.0" encoding="UTF-8"?>
<fileResource exportedWithPermissions="true" dataFile="ProfileSchema.data">
    <folder>/organizations/organization_1/performance/schemas</folder>
    <name>ProfileSchema</name>
    <version>0</version>
    <label>Profile Schema</label>
    <description>Profile Performance Schema</description>
    <creationDate>2016-06-21T16:29:21.802-07:00</creationDate>
    <updateDate>2016-06-21T16:29:21.802-07:00</updateDate>
    <fileType>olapMondrianSchema</fileType>
</fileResource>
