<?xml version="1.0" encoding="UTF-8"?>
<folder exportedWithPermissions="true">
    <parent>/public/Samples</parent>
    <name>Data_Sources</name>
    <label>Data Sources</label>
    <description>Data Sources</description>
    <creationDate>2016-06-21T16:29:49.289-07:00</creationDate>
    <updateDate>2012-10-15T09:24:17.736-07:00</updateDate>
    <folder>connections</folder>
    <resource>ExmapleVDS</resource>
    <resource>FoodmartDataSource</resource>
    <resource>FoodmartDataSourceJNDI</resource>
    <resource>JServerJNDIDS</resource>
</folder>
