<?xml version="1.0" encoding="UTF-8"?>
<adhocDataView exportedWithPermissions="true">
    <folder>/public/Samples/Ad_Hoc_Views</folder>
    <name>02__Sales_Mix_by_Demographic</name>
    <version>0</version>
    <label>02. Sales Mix by Demographic</label>
    <description>Sample HTML5 Spider Line chart from OLAP source</description>
    <creationDate>2016-06-21T16:29:51.447-07:00</creationDate>
    <updateDate>2014-04-25T09:05:59.578-07:00</updateDate>
    <dataSource>
        <uri>/public/Samples/Data_Sources/connections/Foodmart2013</uri>
    </dataSource>
    <resource>
        <localResource
            xmlns:xsi="http://www.w3.org/2001/XMLSchema-instance"
            exportedWithPermissions="false" dataFile="topicJRXML.data" xsi:type="fileResource">
            <folder>/public/Samples/Ad_Hoc_Views/02__Sales_Mix_by_Demographic_files</folder>
            <name>topicJRXML</name>
            <version>0</version>
            <label>topicJRXML</label>
            <creationDate>2016-06-21T16:29:51.447-07:00</creationDate>
            <updateDate>2014-04-25T08:57:43.702-07:00</updateDate>
            <fileType>jrxml</fileType>
        </localResource>
    </resource>
    <resource>
        <localResource
            xmlns:xsi="http://www.w3.org/2001/XMLSchema-instance"
            exportedWithPermissions="false" dataFile="stateXML.data" xsi:type="fileResource">
            <folder>/public/Samples/Ad_Hoc_Views/02__Sales_Mix_by_Demographic_files</folder>
            <name>stateXML</name>
            <version>0</version>
            <label>stateXML</label>
            <creationDate>2016-06-21T16:29:51.447-07:00</creationDate>
            <updateDate>2014-04-25T08:57:43.702-07:00</updateDate>
            <fileType>xml</fileType>
        </localResource>
    </resource>
    <alwaysPromptControls>false</alwaysPromptControls>
    <controlsLayout>1</controlsLayout>
</adhocDataView>
